bone_name,screen_pos_x,screen_pos_y
head,302.420380,238.882309
neck_01,297.143707,235.551651
upperarm_r,281.866760,229.488602
lowerarm_r,266.537323,223.874649
RightHand,276.408661,238.970703
upperarm_l,301.943115,222.272491
lowerarm_l,310.208527,213.113480
LeftHand,302.420135,229.615112
thigh_r,271.537445,208.939560
calf_r,259.179565,199.101913
foot_r,248.013062,183.395905
thigh_l,281.835449,206.728882
calf_l,272.249542,196.190765
foot_l,264.560760,179.655014
